{"_step":0,"_timestamp":1.746458961515093e+09,"_runtime":1.936123,"_wandb":{"runtime":2}}