{"_step":1,"_timestamp":1.746552238527325e+09,"charts/SPS":0,"_wandb":{"runtime":2},"_runtime":2.764637}