{"_timestamp":1.746454787285589e+09,"_runtime":26.047298,"losses/policy_loss":12.000825881958008,"charts/episodic_length":42,"charts/SPS":44,"charts/episodic_return":42,"_step":1071,"drnd/mean_reward":18.354286193847656,"_wandb":{"runtime":26}}