{"charts/SPS":2555,"charts/episodic_length":200,"charts/episodic_return":-200,"_step":100002,"_runtime":41.748185,"videos":{"path":"media/videos/videos_100001_c77eb7ca9c6b226e6b57.mp4","_type":"video-file","sha256":"c77eb7ca9c6b226e6b576bb7f74e3184aae196dd5105a52fc04b8ba9067b05ac","size":4126},"_wandb":{"runtime":41},"_timestamp":1.747051598964766e+09,"losses/policy_loss":0,"rnd/mean_reward":-0.9040400385856628}