{"_step":0,"_wandb":{"runtime":3},"_timestamp":1.746550103506612e+09,"_runtime":2.230469}