{"charts/SPS":109,"_wandb":{"runtime":21},"_runtime":20.918577,"charts/episodic_length":10,"_timestamp":1.746458679044011e+09,"drnd/mean_reward":-4189.7314453125,"_step":2080,"losses/policy_loss":-155432.09375,"charts/episodic_return":10}