{"_timestamp":1.7465501692598882e+09,"_runtime":2.112558,"_step":0,"_wandb":{"runtime":2}}