{"_timestamp": 1747922995.588331, "_runtime": 123.56588506698608, "_step": 348094, "exploration/epsilon": 0.5, "charts/SPS": 586, "charts/episodic_return": -110.0, "charts/episodic_length": 111.0, "losses/td_loss": 2.634093999862671, "q/mean_q": -32.7103271484375, "q/mean_target": -33.18108367919922, "q/grad_mse": 3.9414706230163574, "exploration/entropy": 0.8647400736808777, "exploration/extrinsic_mean": -1.0, "rewards/total_mean": -1.0, "rewards/max_extrinsic": -1.0, "exploration/episode_count": 0.0, "exploration/unique_states": 402, "steps/global": 71000}