{"losses/td_loss":6.986382484436035,"_wandb":{"runtime":14},"videos":{"sha256":"d08373062e2b3cbeb188b8f0c0f2cbb167a7ea8082ad216c1214fc475ec23340","size":2207,"path":"media/videos/videos_100001_d08373062e2b3cbeb188.mp4","_type":"video-file"},"charts/SPS":8527,"charts/episodic_return":265,"_timestamp":1.746457897587283e+09,"_runtime":13.721721,"_step":100001,"charts/episodic_length":265,"losses/q_values":105.95797729492188}