{"_runtime":40.282846,"_wandb":{"runtime":40},"_timestamp":1.746891660356097e+09,"charts/SPS":2633,"rnd/mean_reward":1.1055983304977417,"charts/episodic_return":30,"losses/policy_loss":0.6293331384658813,"videos":{"path":"media/videos/videos_100001_c04d58de31b719267ee8.mp4","_type":"video-file","sha256":"c04d58de31b719267ee84251200c8a982c62fe86ca852b6a5e641868e7368066","size":2135},"charts/episodic_length":30,"_step":100001}