{"_wandb":{"runtime":75},"charts/episodic_return":13,"drnd/mean_reward":5761.81982421875,"charts/SPS":110,"charts/episodic_length":13,"losses/policy_loss":3926.701904296875,"_step":8067,"_timestamp":1.746720090788416e+09,"_runtime":75.507346}