{"charts/episodic_return":30,"videos":{"sha256":"c04d58de31b719267ee84251200c8a982c62fe86ca852b6a5e641868e7368066","size":2135,"path":"media/videos/videos_100001_c04d58de31b719267ee8.mp4","_type":"video-file"},"charts/SPS":2684,"charts/episodic_length":30,"rnd/mean_reward":1.1055983304977417,"losses/policy_loss":0.6293331384658813,"_wandb":{"runtime":40},"_timestamp":1.7467202290152378e+09,"_runtime":39.760018,"_step":100001}