{"_runtime":857.379823,"_step":100001,"_timestamp":1.746719662107559e+09,"charts/episodic_length":8,"losses/policy_loss":-4.5925629952e+11,"videos":{"sha256":"2932fdf2c0c21c8595b83b0d0f0234dcc759e720cacea4e414f6e16c6ff155ca","size":1997,"path":"media/videos/videos_100001_2932fdf2c0c21c8595b8.mp4","_type":"video-file"},"drnd/mean_reward":-1.872261e+06,"_wandb":{"runtime":857},"charts/SPS":116,"charts/episodic_return":8}