{"_step":0,"_wandb":{"runtime":2},"_timestamp":1.746552191724263e+09,"_runtime":2.158867}