{"_runtime":2.827902,"_step":1,"charts/SPS":0,"_wandb":{"runtime":2},"_timestamp":1.7465523227162082e+09}