{"charts/episodic_length":30,"charts/episodic_return":30,"rnd/mean_reward":1.1055983304977417,"videos":{"_type":"video-file","sha256":"c04d58de31b719267ee84251200c8a982c62fe86ca852b6a5e641868e7368066","size":2135,"path":"media/videos/videos_100001_c04d58de31b719267ee8.mp4"},"_wandb":{"runtime":39},"losses/policy_loss":0.6293331384658813,"_timestamp":1.746891704397676e+09,"charts/SPS":2639,"_step":100001,"_runtime":39.725265}