{"charts/episodic_length":30,"_timestamp":1.7467000320996668e+09,"charts/SPS":2435,"videos":{"_type":"video-file","sha256":"c04d58de31b719267ee84251200c8a982c62fe86ca852b6a5e641868e7368066","size":2135,"path":"media/videos/videos_100001_c04d58de31b719267ee8.mp4"},"losses/policy_loss":0.6293331384658813,"_step":100001,"rnd/mean_reward":1.1055983304977417,"_runtime":43.04062,"_wandb":{"runtime":43},"charts/episodic_return":30}