{"_wandb":{"runtime":162},"_timestamp":1.746718303429034e+09,"_runtime":162.266844,"_step":1403,"charts/SPS":8,"charts/episodic_return":45,"charts/episodic_length":45,"losses/policy_loss":1064.0374755859375}