{"_step":28524,"charts/episodic_return":42,"charts/episodic_length":42,"_runtime":13.091038,"charts/SPS":2592,"losses/policy_loss":0.7541550397872925,"_timestamp":1.746696700548001e+09,"_wandb":{"runtime":13},"rnd/mean_reward":1.2174277305603027}