{"_wandb":{"runtime":2},"_timestamp":1.746549972515965e+09,"_runtime":2.208187,"_step":0}