{"_step":100001,"losses/policy_loss":-4.5925629952e+11,"charts/episodic_return":8,"charts/episodic_length":8,"_timestamp":1.74670861579266e+09,"_runtime":8431.898461,"_wandb":{"runtime":8432},"charts/SPS":11,"videos":{"sha256":"2932fdf2c0c21c8595b83b0d0f0234dcc759e720cacea4e414f6e16c6ff155ca","size":1997,"path":"media/videos/videos_100001_2932fdf2c0c21c8595b8.mp4","_type":"video-file"},"drnd/mean_reward":-1.872261e+06}