{"charts/SPS":2563,"videos":{"_type":"video-file","sha256":"c77eb7ca9c6b226e6b576bb7f74e3184aae196dd5105a52fc04b8ba9067b05ac","size":4126,"path":"media/videos/videos_100001_c77eb7ca9c6b226e6b57.mp4"},"losses/policy_loss":0,"_timestamp":1.7467203136465821e+09,"charts/episodic_return":-200,"rnd/mean_reward":-0.9040400385856628,"_step":100002,"charts/episodic_length":200,"_runtime":41.595883,"_wandb":{"runtime":41}}