{"charts/SPS":8,"charts/episodic_return":29,"charts/episodic_length":29,"losses/policy_loss":1064.0374755859375,"_wandb":{"runtime":124},"_timestamp":1.746718707593706e+09,"_runtime":124.091468,"_step":1090}