{"_step":59385,"_timestamp":1.7464584345104718e+09,"_runtime":524.425763,"charts/episodic_length":55,"_wandb":{"runtime":525},"charts/SPS":114,"drnd/mean_reward":166.0384979248047,"videos":{"sha256":"00e64a65dbafec2374092fa18587fc79cac0bd77fde60612efef306b9d8a4f7b","size":3008,"path":"media/videos/videos_50006_00e64a65dbafec237409.mp4","_type":"video-file"},"charts/episodic_return":55,"losses/policy_loss":109.50588989257812}